Name,Gender,DOB,HBDApproved,Child,Cat,DogOther,Active,Calm,FoodMo,Intelligent,Outgoing,Holdingshel,Address,ImageLink
Fontina,F,1-Apr-2024,N,N,Y,Y,,,Y,,Y,ASD,https://asdsingapore.com/adopt/fontina,https://asdsingapore.com/assets/images/adopts/fontina-20240730195634.jpg
Tao Bao,F,1-May-2017,N,,,Y,,,N,,N,ASD,https://asdsingapore.com/adopt/tao-bao,https://asdsingapore.com/assets/images/adopts/tao-bao-20220327145341.jpg
Boone,M,1-Dec-2021,Y,N,,,Y,,N,,Y,ASD,https://asdsingapore.com/adopt/boone,https://asdsingapore.com/assets/images/adopts/boone-20230410221315.jpeg
Adale,F,1-Nov-2022,Y,,,Y,,,N,,N,ASD,https://asdsingapore.com/adopt/adale,https://asdsingapore.com/assets/images/adopts/adale-20230501105153.jpg
Tiramisu,M,1-Sep-2019,N,,,,Y,,N,,Y,ASD,https://asdsingapore.com/adopt/tiramisu,https://asdsingapore.com/assets/images/adopts/tiramisu-20230410221728.jpeg
Bolt,M,1-Jan-2017,Y,,,Y,,,N,,N,ASD,https://asdsingapore.com/adopt/bolt,https://asdsingapore.com/assets/images/adopts/bolt-20220414112946.jpg
Haniel,F,1-Dec-2020,Y,,Y,Y,,,N,,,ASD,https://asdsingapore.com/adopt/haniel,https://asdsingapore.com/assets/images/adopts/haniel-20231015063957.JPG
Dollar,F,1-Jun-2020,N,,Y,Y,Y,,N,,,ASD,https://asdsingapore.com/adopt/dollar,https://asdsingapore.com/assets/images/adopts/dollar-20220327144305.jpg
Capri,F,1-Jan-2022,Y,,,,,,N,,,ASD,https://asdsingapore.com/adopt/capri,https://asdsingapore.com/assets/images/adopts/capri-20220610113106.jpeg
Elvis,M,1-Dec-20216,Y,,,,,,Y,,,ASD,https://asdsingapore.com/adopt/elvis,https://asdsingapore.com/assets/images/adopts/elvis-20220410193329.jpeg
Martin,M,1-Sep-2020,Y,,,,,,N,,,ASD,https://asdsingapore.com/adopt/martin,https://asdsingapore.com/assets/images/adopts/martin-20220410192446.jpg
Julius,M,1-May-2019,Y,N,,,,,N,,,ASD,https://asdsingapore.com/adopt/julius,https://asdsingapore.com/assets/images/adopts/julius-20220402125741.jpg
Micki,F,1-Nov-2018,Y,,,,,,N,,,ASD,https://asdsingapore.com/adopt/micki,https://asdsingapore.com/assets/images/adopts/micki-20220814124125.jpg
Tau Sar,M,1-Oct-2014,N,,,,Y,,N,,Y,ASD,https://asdsingapore.com/adopt/tau-sar,https://asdsingapore.com/assets/images/adopts/tau-sar-20220119085543.jpg
Leen Yong,M,1-Oct-2013,N,,,,Y,,N,,Y,ASD,https://asdsingapore.com/adopt/leen-yong,https://asdsingapore.com/assets/images/adopts/leen-yong-20220119085741.jpg
Jim,M,1-Sep-2018,Y,,,,Y,,Y,,Y,ASD,https://asdsingapore.com/adopt/jim,https://asdsingapore.com/assets/images/adopts/jim-20240129172912.jpg
Scirocco,M,1-Nov-2016,N,,,,,,N,,Y,ASD,https://asdsingapore.com/adopt/scirocco,https://asdsingapore.com/assets/images/adopts/scirocco-20220119190640.jpg
Ken,M,1-Nov-2009,Y,,,,,,N,,,ASD,https://asdsingapore.com/adopt/ken,https://asdsingapore.com/assets/images/adopts/ken-20220412122422.jpg
Toby,M,1-Jan-2016,N,N,,,,,N,Y,Y,ASD,https://asdsingapore.com/adopt/toby,https://asdsingapore.com/assets/images/adopts/toby-20220119201726.jpg
Calbee,F,1-Jul-2017,Y,,,Y,,,Y,,,ASD,https://asdsingapore.com/adopt/calbee,https://asdsingapore.com/assets/images/adopts/calbee-20220327145637.jpg
Clifton,M,1-Aug-2016,N,,,N,,,Y,,Y,ASD,https://asdsingapore.com/adopt/clifton,https://asdsingapore.com/assets/images/adopts/clifton-20220119200624.jpg
Nelly,F,1-Jul-2017,N,,,N,,Y,Y,,,ASD,https://asdsingapore.com/adopt/nelly,https://asdsingapore.com/assets/images/adopts/nelly-20230513015714.jpg
Sterling,M,1-Jan-2013,N,,,,Y,,N,,Y,ASD,https://asdsingapore.com/adopt/sterling,https://asdsingapore.com/assets/images/adopts/sterling-20220402174711.jpg
Yukon,M,1-Nov-2022,Y,,,,Y,,N,Y,,ASD,https://asdsingapore.com/adopt/yukon,https://asdsingapore.com/assets/images/adopts/yukon-20230501104921.jpg
Elf,F,1-Feb-2008,N,,,,,,N,Y,,ASD,https://asdsingapore.com/adopt/elf,https://asdsingapore.com/assets/images/adopts/elf-20220327160128.jpg
Sinbad,M,1-Aug-2015,Y,,,,Y,,N,,,ASD,https://asdsingapore.com/adopt/sinbad,https://asdsingapore.com/assets/images/adopts/sinbad-20240111035737.jpg
Raju,M,1-Dec-2014,N,N,,,Y,,N,,Y,ASD,https://asdsingapore.com/adopt/raju,https://asdsingapore.com/assets/images/adopts/raju-20220119190145.jpg
Omin,F,1-May-2018,Y,,,Y,,,Y,,,ASD,https://asdsingapore.com/adopt/omin,https://asdsingapore.com/assets/images/adopts/omin-20220327155722.jpg
Milo,M,1-Jun-2017,N,,,,,,N,,,ASD,https://asdsingapore.com/adopt/milo,https://asdsingapore.com/assets/images/adopts/milo-20220327153441.jpg
Trish,F,1-Feb-2020,Y,,,Y,Y,,Y,,,ASD,https://asdsingapore.com/adopt/trish,https://asdsingapore.com/assets/images/adopts/trish-20220119202348.png
Tony,M,1-Dec-2014,N,,,,Y,,N,,Y,ASD,https://asdsingapore.com/adopt/tony,https://asdsingapore.com/assets/images/adopts/tony-20220409161919.jpg
Niu Niu,M,1-Aug-2022,N,,Y,Y,,,Y,,,ASD,https://asdsingapore.com/adopt/niu-niu,https://asdsingapore.com/assets/images/adopts/niu-niu-20230125173841.jpg
Lambert,M,1-Oct-2015,N,N,,,,,N,,,ASD,https://asdsingapore.com/adopt/lambert,https://asdsingapore.com/assets/images/adopts/lambert-20220119085037.jpg
Mooncake,M,1-Sep-2021,Y,,Y,Y,,,Y,,,ASD,https://asdsingapore.com/adopt/mooncake,https://asdsingapore.com/assets/images/adopts/mooncake-20230216112508.jpg
Tam,M,1-Feb-2013,N,,,Y,,Y,Y,,Y,ASD,https://asdsingapore.com/adopt/tam,https://asdsingapore.com/assets/images/adopts/tam-20220327145548.jpg
Marley,M,1-Mar-2017,N,,,,Y,,Y,,Y,ASD,https://asdsingapore.com/adopt/marley,https://asdsingapore.com/assets/images/adopts/marley-20230125183048.jpg
Louie,M,1-Nov-2013,N,,,,,,N,,,ASD,https://asdsingapore.com/adopt/louie,https://asdsingapore.com/assets/images/adopts/louie-20220327145152.jpg
Fin,M,1-Jun-2017,N,,,,Y,,N,,Y,ASD,https://asdsingapore.com/adopt/fin,https://asdsingapore.com/assets/images/adopts/fin-20220327150217.jpg
Apache,M,1-Apr-2020,N,,,Y,,,N,,Y,ASD,https://asdsingapore.com/adopt/apache,https://asdsingapore.com/assets/images/adopts/apache-20231008155956.jpeg
Gonzo,M,1-Jun-2019,N,Y,,Y,,Y,Y,,,ASD,https://asdsingapore.com/adopt/gonzo,https://asdsingapore.com/assets/images/adopts/gonzo-20230125173427.jpg
Bruno,M,1-Jan-2010,N,,,,,Y,N,,Y,ASD,https://asdsingapore.com/adopt/bruno,https://asdsingapore.com/assets/images/adopts/bruno-20220327150511.jpg
Jasper,M,1-Oct-2015,Y,,,,,,N,Y,,ASD,https://asdsingapore.com/adopt/jasper,https://asdsingapore.com/assets/images/adopts/jasper-20220327153528.jpg
Jojo,F,1-Oct-2018,Y,Y,Y,Y,,Y,Y,,Y,ASD,https://asdsingapore.com/adopt/jojo,https://asdsingapore.com/assets/images/adopts/jojo-20231008161851.jpg
Fries,F,1-Sep-2022,Y,,,,Y,,Y,,,ASD,https://asdsingapore.com/adopt/fries,https://asdsingapore.com/assets/images/adopts/fries-20230223122358.jpeg
Sake,F,1-Aug-2020,Y,,,Y,,,N,,Y,ASD,https://asdsingapore.com/adopt/sake,https://asdsingapore.com/assets/images/adopts/sake-20220327155458.jpg
Akita,F,1-Sep-2017,Y,,,,,,N,,Y,ASD,https://asdsingapore.com/adopt/akita,https://asdsingapore.com/assets/images/adopts/akita-20220119190850.jpg
Christoff,M,1-Jan-2019,Y,,,,,,Y,,,ASD,https://asdsingapore.com/adopt/christoff,https://asdsingapore.com/assets/images/adopts/christoff-20230410220220.jpg
Wuba,M,1-Sep-2019,Y,N,,Y,,,N,,,ASD,https://asdsingapore.com/adopt/wuba,https://asdsingapore.com/assets/images/adopts/wuba-20220119191103.jpg
Aimee ,F,1-Jan-2014,Y,,,,Y,,N,,,ASD,https://asdsingapore.com/adopt/aimee,https://asdsingapore.com/assets/images/adopts/aimee-20220119090253.jpg
Bheen,M,1-Jan-2012,Y,N,,,,,N,,Y,ASD,https://asdsingapore.com/adopt/bheen,https://asdsingapore.com/assets/images/adopts/bheen-20220119084629.jpg
Tarzan,M,1-Mar-2022,Y,,,Y,Y,,Y,,,ASD,https://asdsingapore.com/adopt/tarzan,https://asdsingapore.com/assets/images/adopts/tarzan-20230103112157.jpg
Bebe,F,1-Jan-2012,Y,,,Y,,,N,,,ASD,https://asdsingapore.com/adopt/bebe,https://asdsingapore.com/assets/images/adopts/bebe-20220119192510.jpg
Bacon,M,1-Nov-2023,Y,,,Y,,Y,Y,,N,ASD,https://asdsingapore.com/adopt/bacon,https://asdsingapore.com/assets/images/adopts/bacon-20240603164825.jpg
Karen,F,1-Jan-2012,N,,,Y,,,N,,Y,ASD,https://asdsingapore.com/adopt/karen,https://asdsingapore.com/assets/images/adopts/karen-20220402174823.jpg
Lucy,F,1-Mar-2014,N,,,,Y,,N,,,ASD,https://asdsingapore.com/adopt/lucy,https://asdsingapore.com/assets/images/adopts/lucy-20220327153232.jpg
Bobbi,F,1-Jan-2012,Y,,,,,,N,,Y,ASD,https://asdsingapore.com/adopt/bobbi,https://asdsingapore.com/assets/images/adopts/bobbi-20220327150421.jpg
Tobias,M,1-Feb-2019,N,Y,,Y,,,N,,,ASD,https://asdsingapore.com/adopt/tobias,https://asdsingapore.com/assets/images/adopts/tobias-20190703113104.jpg
Russet,M,1-Nov-2022,Y,,,,Y,,Y,,Y,ASD,https://asdsingapore.com/adopt/russet,https://asdsingapore.com/assets/images/adopts/russet-20230501105008.jpg
Selaphiel,M,1-Dec-2020,Y,N,,,,Y,N,,Y,ASD,https://asdsingapore.com/adopt/selaphiel,https://asdsingapore.com/assets/images/adopts/selaphiel-20231008155617.jpeg
Elly,F,1-Feb-2014,N,,,,,,N,,,ASD,https://asdsingapore.com/adopt/elly,https://asdsingapore.com/assets/images/adopts/elly-20220327155944.jpg
Sakae,M,1-Mar-2016,Y,,,,,,N,,,ASD,https://asdsingapore.com/adopt/sakae,https://asdsingapore.com/assets/images/adopts/sakae-20220327160017.jpg
Lucky B,M,1-Jun-2014,N,,,Y,Y,,N,,Y,ASD,https://asdsingapore.com/adopt/lucky-b,https://asdsingapore.com/assets/images/adopts/lucky-b-20220327145734.jpg
Clovis,M,1-Feb-2016,Y,,,,,,N,,,ASD,https://asdsingapore.com/adopt/clovis,https://asdsingapore.com/assets/images/adopts/clovis-20220119085943.jpg
Ursus,M,1-Jan-2020,N,,,,Y,Y,Y,,Y,ASD,https://asdsingapore.com/adopt/ursus,https://asdsingapore.com/assets/images/adopts/ursus-20220610121339.png
Siew Mai,F,1-Jul-2008,Y,,,,,Y,N,,Y,ASD,https://asdsingapore.com/adopt/siew-mai,https://asdsingapore.com/assets/images/adopts/siew-mai-20220327160216.jpg
Abby,F,1-Jan-2019,Y,,,,,,N,,,SOSD,https://sosd.org.sg/wpcproduct/abby/?form=adopt,https://sosd.org.sg/wp-content/uploads/2024/05/Abby-e1716517925982.jpg
Alistaire,M,23-Mar-2016,N,,,,,,N,,,SOSD,https://sosd.org.sg/wpcproduct/alistaire/?form=adopt,https://sosd.org.sg/wp-content/uploads/2024/04/Alistaire-e1713250841328.jpg
Amber,F,1-Jan-2019,Y,,,,,,N,,,SOSD,https://sosd.org.sg/wpcproduct/amber/?form=adopt,https://sosd.org.sg/wp-content/uploads/2024/05/Amber-e1716517870256.jpg
Andie,F,1-Jul-2014,N,Y,,Y,,Y,Y,Y,Y,SOSD,https://sosd.org.sg/wpcproduct/andie/?form=adopt,https://sosd.org.sg/wp-content/uploads/2024/07/Andie-e1719805599847.jpg
Archie,M,27-Jun-2022,N,,,Y,Y,,N,Y,,SOSD,https://sosd.org.sg/wpcproduct/archie/?form=adopt,https://sosd.org.sg/wp-content/uploads/2023/04/Archie-e1681652771685.jpg
Arthur,M,7-Apr-2022,N,,,,,Y,N,,Y,SOSD,https://sosd.org.sg/wpcproduct/arthur/?form=adopt,https://sosd.org.sg/wp-content/uploads/2024/05/Arthur-e1715649831291.jpg
Asher,M,1-Oct-2012,Y,,,,,Y,N,,,SOSD,https://sosd.org.sg/wpcproduct/asher/?form=adopt,https://sosd.org.sg/wp-content/uploads/2023/11/Asher-e1700063844544.jpg
Benji,M,1-Apr-2011,Y,,,,,,Y,,,SOSD,https://sosd.org.sg/wpcproduct/benji/?form=adopt,https://sosd.org.sg/wp-content/uploads/2021/05/Benji-e1619871671146.jpg
Bramble,M,2-Feb-2021,Y,,,Y,,,N,,,SOSD,https://sosd.org.sg/wpcproduct/bramble/?form=adopt,https://sosd.org.sg/wp-content/uploads/2023/01/Bramble-e1674279825195.jpg
Cactus,M,14-Jul-2015,Y,,,Y,,,N,,,SOSD,https://sosd.org.sg/wpcproduct/cactus/?form=adopt,https://sosd.org.sg/wp-content/uploads/2023/12/Cactus-e1703568057134.jpg
Cheeky,M,21-Oct-2018,N,,,,,,N,,,SOSD,https://sosd.org.sg/wpcproduct/cheeky/?form=adopt,https://sosd.org.sg/wp-content/uploads/2022/03/Cheeky-e1646315216458.jpg
Cooper,M,1-Jun-2019,N,,,,,,N,,,SOSD,https://sosd.org.sg/wpcproduct/cooper/?form=adopt,https://sosd.org.sg/wp-content/uploads/2020/02/Cooper-e1581609558773.jpg
Cosmo,M,1-Jan-2017,N,,,,,,N,,,SOSD,https://sosd.org.sg/wpcproduct/cosmo/?form=adopt,https://sosd.org.sg/wp-content/uploads/2021/02/Cosmo-e1613642700377.jpg
Cresecent,F,18-Nov-2019,Y,,,Y,Y,Y,N,,,SOSD,https://sosd.org.sg/wpcproduct/crescent/?form=adopt,https://sosd.org.sg/wp-content/uploads/2024/09/Crescent-e1725285477839.jpg
Damien,M,18-Jun-2016,Y,N,,Y,,Y,Y,,,SOSD,https://sosd.org.sg/wpcproduct/damien/?form=adopt,https://sosd.org.sg/wp-content/uploads/2019/11/Damien-e1572787706478.jpg
Dashi,M,23-Feb-2015,Y,,,,,,N,,,SOSD,https://sosd.org.sg/wpcproduct/dashi/?form=adopt,https://sosd.org.sg/wp-content/uploads/2024/05/Dashi-e1714576963717.jpg
Diesel,M,18-Jun-2017,Y,,,,,,N,,,SOSD,https://sosd.org.sg/wpcproduct/diesel/?form=adopt,https://sosd.org.sg/wp-content/uploads/2024/09/Diesel-e1725286476429.jpg
Dipsy,M,1-Nov-2021,Y,,,,,,N,,,SOSD,https://sosd.org.sg/wpcproduct/dipsy/?form=adopt,https://sosd.org.sg/wp-content/uploads/2023/12/Dipsy-e1703568491636.jpg
Eddie,M,12-Dec-2017,Y,,,,,,N,,,SOSD,https://sosd.org.sg/wpcproduct/eddie/?form=adopt,https://sosd.org.sg/wp-content/uploads/2024/06/Eddie-e1718259284415.jpg
Eclair,F,3-Mar-2023,Y,N,,Y,Y,Y,N,,,SOSD,https://sosd.org.sg/wpcproduct/eclair/?form=adopt,https://sosd.org.sg/wp-content/uploads/2024/09/Eclair-e1725285733377.jpg
Eli,M,5-Jan-2012,Y,,,Y,,Y,N,,,SOSD,https://sosd.org.sg/wpcproduct/eli/?form=adopt,https://sosd.org.sg/wp-content/uploads/2022/08/Eli-e1660669988713.jpg
Galaxy,F,5-Jul-2014,Y,,,,,,N,,Y,SOSD,https://sosd.org.sg/wpcproduct/galaxy/?form=adopt,https://sosd.org.sg/wp-content/uploads/2014/11/NoImage.jpg
Garcia,F,5-Jul-2014,Y,,,,,,N,,Y,SOSD,https://sosd.org.sg/wpcproduct/garcia/?form=adopt,https://sosd.org.sg/wp-content/uploads/2014/11/NoImage.jpg
Gentle,F,1-Oct-2017,N,,,N,,,N,,Y,SOSD,https://sosd.org.sg/wpcproduct/gentle/?form=adopt,https://sosd.org.sg/wp-content/uploads/2023/12/Gentle-e1703484374390.jpg
Harvey,M,8-Dec-2023,N,,,,Y,,N,,Y,SOSD,https://sosd.org.sg/wpcproduct/harvey/?form=adopt,https://sosd.org.sg/wp-content/uploads/2014/11/NoImage.jpg
Jacky,M,1-Jul-2013,N,,,Y,,,N,,,SOSD,https://sosd.org.sg/wpcproduct/jacky/?form=adopt,https://sosd.org.sg/wp-content/uploads/2020/08/Jacky-e1598281190343.jpg
Kane,M,11-Mar-2022,Y,,,,,,N,,,SOSD,https://sosd.org.sg/wpcproduct/kane/?form=adopt,https://sosd.org.sg/wp-content/uploads/2024/09/Kane-e1726984533698.jpg
Knotti,M,1-Dec-2017,Y,,,,,,Y,,,SOSD,https://sosd.org.sg/wpcproduct/knotti/?form=adopt,https://sosd.org.sg/wp-content/uploads/2023/12/Knotti-e1703569546508.jpg
Latte,F,1-Apr-2009,Y,,,,,,Y,,,SOSD,https://sosd.org.sg/wpcproduct/latte/?form=adopt,https://sosd.org.sg/wp-content/uploads/2014/11/NoImage.jpg
Libby,F,1-Dec-2017,N,,,Y,,,Y,,,SOSD,https://sosd.org.sg/wpcproduct/libby/?form=adopt,https://sosd.org.sg/wp-content/uploads/2023/12/Libby-e1703570182423.jpg
Lucki,M,1-May-2018,N,,,,Y,,N,,Y,SOSD,https://sosd.org.sg/wpcproduct/lucki/?form=adopt,https://sosd.org.sg/wp-content/uploads/2019/11/Lucki-e1572778132316.jpg
Marsh,M,1-Jan-2017,N,,,Y,,,Y,,,SOSD,https://sosd.org.sg/wpcproduct/marsh/?form=adopt,https://sosd.org.sg/wp-content/uploads/2023/12/Marsh-e1703570862805.jpg
Martin,M,15-Aug-2020,N,,,Y,,,N,,,SOSD,https://sosd.org.sg/wpcproduct/martin/?form=adopt,https://sosd.org.sg/wp-content/uploads/2023/12/Martin3-e1703571050794.jpg
Maxine,F,29-Jun-2022,Y,,,,,,N,,,SOSD,https://sosd.org.sg/wpcproduct/maxine/?form=adopt,https://sosd.org.sg/wp-content/uploads/2024/07/Maxine-e1719805835417.jpg
Odin,M,29-Aug-2019,N,,,,,Y,Y,,,SOSD,https://sosd.org.sg/wpcproduct/odin/?form=adopt,https://sosd.org.sg/wp-content/uploads/2023/09/Odin-e1695465519640.jpg
Orrie,M,10-Nov-2019,Y,,,,,,N,,,SOSD,https://sosd.org.sg/wpcproduct/orrie/?form=adopt,https://sosd.org.sg/wp-content/uploads/2024/08/Orrie-e1722601110953.jpg
Panther,M,20-Jan-2014,Y,,,,,,Y,,,SOSD,https://sosd.org.sg/wpcproduct/panther/?form=adopt,https://sosd.org.sg/wp-content/uploads/2024/03/Panther-e1709739611452.jpg
Patrick,M,2-Jan-2019, Y,N,,Y,,,Y,,Y,SOSD,https://sosd.org.sg/wpcproduct/patrick/?form=adopt,https://sosd.org.sg/wp-content/uploads/2022/06/Patrick-e1654713768968.jpg
Pixie,F,1-Dec-2015,Y,,,,,,Y,,,SOSD,https://sosd.org.sg/wpcproduct/pixie/?form=adopt,https://sosd.org.sg/wp-content/uploads/2023/04/Pixie-e1681648993185.jpg
Ranger,M,17-May-2021,Y,,,Y,,,N,,,SOSD,https://sosd.org.sg/wpcproduct/ranger/?form=adopt,https://sosd.org.sg/wp-content/uploads/2024/03/Ranger-e1709739957684.jpg
Redford,M,22-Sep-2017,N,,,,,,N,,,SOSD,https://sosd.org.sg/wpcproduct/redford/?form=adopt,https://sosd.org.sg/wp-content/uploads/2023/12/Redford-e1703572005330.jpg
Rooney,M,2-Oct-2020,Y,,,,,,N,,Y,SOSD,https://sosd.org.sg/wpcproduct/rooney/?form=adopt,https://sosd.org.sg/wp-content/uploads/2023/12/Rooney-e1703485083288.jpg
Shaggy,F,14-Jul-2019,Y,,,Y,,,Y,,,SOSD,https://sosd.org.sg/wpcproduct/shaggy/?form=adopt,https://sosd.org.sg/wp-content/uploads/2024/03/Shaggy-e1709740184690.jpg
Sinbad,M,12-Dec-2017,N,,,,,,N,,Y,SOSD,https://sosd.org.sg/wpcproduct/sinbad/?form=adopt,https://sosd.org.sg/wp-content/uploads/2022/12/Sinbad-e1670134410523.jpg
Skippy,F,19-Feb-2019,Y,,,,,,N,,Y,SOSD,https://sosd.org.sg/wpcproduct/skippy/?form=adopt,https://sosd.org.sg/wp-content/uploads/2024/04/Skippy-e1712129233140.jpg
Sneezy,M,1-Dec-2017,N,,,,,,Y,,,SOSD,https://sosd.org.sg/wpcproduct/sneezy/?form=adopt,https://sosd.org.sg/wp-content/uploads/2021/11/Sneezy-e1637225495370.jpg
Snickers,M,15-Apr-2017,Y,,,,,,N,,,SOSD,https://sosd.org.sg/wpcproduct/snickers/?form=adopt,https://sosd.org.sg/wp-content/uploads/2024/01/Snickers-e1706666386595.jpg
Snoopy,M,15-May-2019,Y,,,,,,N,,,SOSD,https://sosd.org.sg/wpcproduct/snoopy/?form=adopt,https://sosd.org.sg/wp-content/uploads/2024/03/Snoopy-e1709739753979.jpg
Stevie,M,31-Mar-2015,Y,,,,,,N,,,SOSD,https://sosd.org.sg/wpcproduct/stevie/?form=adopt,https://sosd.org.sg/wp-content/uploads/2023/05/Stevie-e1684036254606.jpg
Tales,M,1-Dec-2015,Y,,,,,,Y,,,SOSD,https://sosd.org.sg/wpcproduct/tales/?form=adopt,https://sosd.org.sg/wp-content/uploads/2023/12/Tales-e1703572208260.jpg
Tally,F,1-Jan-2016,Y,,,,,,N,Y,,SOSD,https://sosd.org.sg/wpcproduct/tally/?form=adopt,https://sosd.org.sg/wp-content/uploads/2021/01/Tally-e1611122106506.jpg
Tami,F,3-Oct-2013,Y,,,,,,N,,,SOSD,https://sosd.org.sg/wpcproduct/tami/?form=adopt,https://sosd.org.sg/wp-content/uploads/2022/06/Tami-e1654716524995.jpg
Tanya,F,1-Dec-2016,Y,,,,,Y,Y,,,SOSD,https://sosd.org.sg/wpcproduct/tanya/?form=adopt,https://sosd.org.sg/wp-content/uploads/2024/04/Tanya-e1712129412416.jpg
Thumbelina,F,1-Mar-2018,Y,N,,,,,N,,,SOSD,https://sosd.org.sg/wpcproduct/thumbelina/?form=adopt,https://sosd.org.sg/wp-content/uploads/2022/10/Thumbelina-e1665205725709.jpg
Tiger,M,1-Jan-2017,N,,,,,Y,N,,Y,SOSD,https://sosd.org.sg/wpcproduct/tiger/?form=adopt,https://sosd.org.sg/wp-content/uploads/2024/07/Tiger-e1721956820253.jpg
Toofie,M,6-Jan-2016,N,,,,,,Y,,,SOSD,https://sosd.org.sg/wpcproduct/toofie/?form=adopt,https://sosd.org.sg/wp-content/uploads/2023/12/Toofie-e1703572548697.jpg
Velvet,F,17-Oct-2016,Y,,,,,,N,,,SOSD,https://sosd.org.sg/wpcproduct/velvet/?form=adopt,https://sosd.org.sg/wp-content/uploads/2024/01/Velvet-e1706666735753.jpg
Yoko,F,8-Jul-2020,Y,,,,,,N,,,SOSD,https://sosd.org.sg/wpcproduct/yoko/?form=adopt,https://sosd.org.sg/wp-content/uploads/2024/08/Yoko-e1722601228956.png
Zane,M,1-Jul-2016,N,,,,,,N,,,SOSD,https://sosd.org.sg/wpcproduct/zane/?form=adopt,https://sosd.org.sg/wp-content/uploads/2020/08/Zane-e1598281735440.jpg
Ace,M,1-Apr-2020,N,,,,,,Y,,Y,SPCA,https://spca.org.sg/animal/ace/,https://spca.org.sg/wp-content/uploads/2023/12/IMG-20231219-WA0025.jpg
Ah Girl,F,1-Aug-2007,Y,,,,,,N,,,SPCA,https://spca.org.sg/animal/ah-girl/,https://spca.org.sg/wp-content/uploads/2024/01/IMG-20231221-WA0038.jpg
Argo,M,1-Aug-2020,N,,,,,,N,,Y,SPCA,https://spca.org.sg/animal/argo/,https://spca.org.sg/wp-content/uploads/2023/10/IMG-20231005-WA0031.jpg
Bacon,M,1-Apr-2018,N,,,,,,N,,,SPCA,https://spca.org.sg/animal/bacon/,https://spca.org.sg/wp-content/uploads/2023/07/IMG-20230705-WA0020.jpg
Blackie,M,1-Jul-2012,Y,,,,Y,,Y,,,SPCA,https://spca.org.sg/animal/blackie-2/,https://spca.org.sg/wp-content/uploads/2024/07/IMG-20240716-WA0008.jpg
Bear,M,1 Aug 2023,N,,,,,,N,,,SPCA,https://spca.org.sg/animal/bear/,https://spca.org.sg/wp-content/uploads/2024/04/WhatsApp-Image-2024-04-02-at-16.27.31_5f03abf5.jpg
Benny,M,1-Jan-2013,N,,,,,,N,,,SPCA,https://spca.org.sg/animal/benny/,https://spca.org.sg/wp-content/uploads/2022/12/Benny_2.jpg
Brownie,F,1-May-2015,N,,,,,,N,,,SPCA,https://spca.org.sg/animal/brownie/,https://spca.org.sg/wp-content/uploads/2022/12/Brownie_1.jpg
Candie,F,1-Aug-2023,Y,,,,,,N,,,SPCA,https://spca.org.sg/animal/candie/,https://spca.org.sg/wp-content/uploads/2024/06/IMG-20240612-WA0035.jpg
Cashmere,M,1-Oct-2021,N,,,,Y,,N,,,SPCA,https://spca.org.sg/animal/cashmere/,https://spca.org.sg/wp-content/uploads/2023/12/Cashmere.png
Channing,M,1-Jan-2016,N,,,,,,N,,,SPCA,https://spca.org.sg/animal/channing/,https://spca.org.sg/wp-content/uploads/2022/12/Channing_1.jpg
Cliff,M,1-Sep-2013,N,,,,Y,,N,,,SPCA,https://spca.org.sg/animal/cliff/,https://spca.org.sg/wp-content/uploads/2022/12/Cliff_1.jpg
Croffles,F,1-Jul-2024,N,,,,Y,,N,,Y,SPCA,https://spca.org.sg/animal/croffles/,https://spca.org.sg/wp-content/uploads/2024/09/IMG-20240906-WA0005.jpg
Danny,M,1-Apr-2022,Y,,,Y,,,Y,Y,,SPCA,https://spca.org.sg/animal/danny-2/,https://spca.org.sg/wp-content/uploads/2024/01/Danny-1.png
Gnocchi,M,1-Dec-2022,Y,,,Y,,,N,,,SPCA,https://spca.org.sg/animal/gnocchi/,https://spca.org.sg/wp-content/uploads/2023/12/Gnicchi.jpg
Hammie,M,1-Apr-2018,N,,,,,,N,,,SPCA,https://spca.org.sg/animal/hammie/,https://spca.org.sg/wp-content/uploads/2023/07/IMG-20230705-WA0022.jpg
Han Solo,M,1-Oct-2022,Y,,,Y,,,Y,,,SPCA,https://spca.org.sg/animal/han-solo/,https://spca.org.sg/wp-content/uploads/2024/02/photo_2024-02-07_16-03-19-1.jpg
Hazel,F,1-May-2015,N,,,,,Y,N,,,SPCA,https://spca.org.sg/animal/hazel/,https://spca.org.sg/wp-content/uploads/2022/12/Hazel_1.jpg
Hero,M,1-May-2021,N,,,,Y,,N,,,SPCA,https://spca.org.sg/animal/hero/,https://spca.org.sg/wp-content/uploads/2023/12/IMG-20240520-WA0011.jpg
Keiji,M,1-Jul-2016,N,,,,,,N,,,SPCA,https://spca.org.sg/animal/keiji/,https://spca.org.sg/wp-content/uploads/2022/12/Keiji_1.jpg
Kishen,M,1-Sep-2016,N,,,,,,N,,,SPCA,https://spca.org.sg/animal/kishen/,https://spca.org.sg/wp-content/uploads/2022/12/Kishen_1.jpg
Kopi,M,1-Feb-2024,Y,,,,,,N,,Y,SCPA,https://spca.org.sg/animal/kopi/,https://spca.org.sg/wp-content/uploads/2024/08/IMG-20240829-WA0033.jpg
Lancelot,M,1-May-2019,Y,,,,,,N,,,SPCA,https://spca.org.sg/animal/lancelot/,https://spca.org.sg/wp-content/uploads/2024/08/IMG-20240819-WA0050.jpg
Macho,M,1-Apr-2018,N,,,,Y,,Y,,,SPCA,https://spca.org.sg/animal/macho/,https://spca.org.sg/wp-content/uploads/2022/12/Macho_1.jpg
Nana,F,1-Mar-2018,Y,,,,,,N,,,SPCA,https://spca.org.sg/animal/nana/,https://spca.org.sg/wp-content/uploads/2024/03/WhatsApp-Image-2024-03-05-at-16.24.28_a1451cf2.jpg
Niko,M,1-Aug-2023,Y,,,,,,N,,,SPCA,https://spca.org.sg/animal/niko/,https://spca.org.sg/wp-content/uploads/2023/11/WhatsApp-Image-2023-11-10-at-18.47.00_b2ac09d8.jpg
Orbsie,F,1-Dec-2023,Y,,,,,,N,,,SPCA,https://spca.org.sg/animal/orbsie/,https://spca.org.sg/wp-content/uploads/2024/06/photo_6264517226841358477_y.jpg
Pancake,M,1-Mar-2012,N,,,Y,,,Y,Y,Y,SPCA,https://spca.org.sg/animal/pancake/,https://spca.org.sg/wp-content/uploads/2022/12/Pancake_1.jpg
Peanut,M,1-Feb-2015,N,,,,,Y,N,,,SPCA,https://spca.org.sg/animal/peanut/,https://spca.org.sg/wp-content/uploads/2022/12/Peanut_1.jpg
Pickles,M,1-Dec-2022,Y,,,Y,,,N,,,SPCA,https://spca.org.sg/animal/pickles/,https://spca.org.sg/wp-content/uploads/2023/12/20.jpg
Rocky,M,1-Jul-2014,Y,N,,N,,Y,N,,Y,SPCA,https://spca.org.sg/animal/rocky-2/,https://spca.org.sg/wp-content/uploads/2023/05/DSF1292jpeg-scaled.jpg
Rogue,M,1-Feb-2017,Y,,,,Y,,N,,,SPCA,https://spca.org.sg/animal/rogue/,https://spca.org.sg/wp-content/uploads/2024/07/IMG-20240717-WA0019.jpg
Scooby,M,1-Jun-2021,N,,,,Y,,Y,,,SPCA,https://spca.org.sg/animal/scooby-2/,https://spca.org.sg/wp-content/uploads/2024/06/IMG-20240527-WA0039.jpg
Spike,M,1-Jul-2015,N,,,,,,N,,,SPCA,https://spca.org.sg/animal/spike/,https://spca.org.sg/wp-content/uploads/2022/12/Spike_1.jpg
Sweenie,F,1-Jul-2019,Y,,,,,,N,,,SPCA,https://spca.org.sg/animal/sweenie/,https://spca.org.sg/wp-content/uploads/2024/07/IMG-20240708-WA0025.jpg
Timmy,M,1-Aug-2020,Y,,,,,,N,,,SPCA,https://spca.org.sg/animal/timmy-2/,https://spca.org.sg/wp-content/uploads/2023/09/IMG-20230912-WA0022.jpg
Tita,F,1-Aug-2020,N,,,,,,N,,,SPCA,https://spca.org.sg/animal/tita/,https://spca.org.sg/wp-content/uploads/2022/12/Tita_1.jpg
Toast,M,1-Feb-2024,Y,,,,,,N,,Y,SPCA,https://spca.org.sg/animal/toast/,https://spca.org.sg/wp-content/uploads/2024/08/IMG-20240829-WA0040.jpg
Tracy,F,1-Jun-2021,Y,,,,,,N,,N,SPCA,https://spca.org.sg/animal/tracy-2/,https://spca.org.sg/wp-content/uploads/2024/06/IMG-20240612-WA0046.jpg